<addon
  id="repository.kuzin2006"
  name="kuzin2006 Add-ons"
  version="0.0.2"
  provider-name="Eugene Kuzin">
  <requires>
    <import addon="xbmc.addon"
            version="16.0.0"/>
  </requires>
  <extension point="xbmc.addon.repository"
             name="Unofficial kuzin2006's Add-on Repository">
    <info compressed="true">https://raw.githubusercontent.com/kuzin2006/kodi_repo/master/addons.xml</info>
    <checksum>https://raw.githubusercontent.com/kuzin2006/kodi_repo/master/addons.xml.md5</checksum>
    <datadir zip="true">https://github.com/kuzin2006/kodi_repo/raw/master/addons/</datadir>
    <hashes>false</hashes>
  </extension>
  <extension point="xbmc.addon.metadata">
    <license>GNU General Public License, v3</license>
    <summary lang="en">Install Add-ons from kuzin2006's repository</summary>
    <summary lang="ru">Неофициальный репозиторий kuzin2006</summary>
    <description lang="en">Download and install add-ons from the unofficial kuzin2006's addon repository.</description>
    <description lang="ru">Неофициальный репозиторий дополнений kuzin2006</description>
    <disclaimer lang="en">Disclaimer</disclaimer>
    <disclaimer lang="ru">RU Disclaimer</disclaimer>
    <platform>all</platform>
    <nofanart>true</nofanart>
  </extension>
</addon>